condition,writers,skew_ms,joins,judged,concurrent,leaks,losses,inconsistent_users,inconsistent_ids
mysql-rr-id,1,-50,300,273494,410,0,0,0,0
mysql-rr-id,1,0,300,273852,414,0,0,0,0
mysql-rr-id,1,50,300,273450,408,0,0,0,0
mysql-rr-id,10,-50,300,288430,5656,0,0,1,1
mysql-rr-id,10,0,300,286838,5662,0,0,0,0
mysql-rr-id,10,50,300,287014,5652,0,0,1,1
mysql-rr-id,50,-50,300,268736,29675,0,0,3,3
mysql-rr-id,50,0,300,267516,29663,0,0,0,0
mysql-rr-id,50,50,300,267427,29685,0,0,0,0
mysql-rc-id,1,-50,300,273515,389,0,0,0,0
mysql-rc-id,1,0,300,271998,413,0,0,0,0
mysql-rc-id,1,50,300,273191,385,0,0,0,0
mysql-rc-id,10,-50,300,288207,5668,0,0,2,2
mysql-rc-id,10,0,300,287163,5647,0,0,0,0
mysql-rc-id,10,50,300,287127,5659,0,0,2,2
mysql-rc-id,50,-50,300,268759,29666,0,0,1,1
mysql-rc-id,50,0,300,267502,29672,0,0,4,4
mysql-rc-id,50,50,300,267552,29681,0,0,1,1
mysql-rc-time,1,-50,300,272574,397,3243,0,0,0
mysql-rc-time,1,0,300,272109,426,0,0,0,0
mysql-rc-time,1,50,300,278679,411,0,3523,0,0
mysql-rc-time,10,-50,300,288790,5652,7818,0,3,9
mysql-rc-time,10,0,300,288170,5632,0,0,2,2
mysql-rc-time,10,50,300,289395,5650,0,7507,0,0
mysql-rc-time,50,-50,300,269007,29676,0,0,1,1
mysql-rc-time,50,0,300,268385,29637,0,0,0,0
mysql-rc-time,50,50,300,268477,29666,0,0,0,0
mysql-rr-time,1,-50,300,273307,398,3475,0,0,0
mysql-rr-time,1,0,300,275313,379,0,0,0,0
mysql-rr-time,1,50,300,279507,403,0,3625,0,0
mysql-rr-time,10,-50,300,288867,5647,7319,0,4,4
mysql-rr-time,10,0,300,288025,5648,0,0,0,0
mysql-rr-time,10,50,300,289095,5660,0,7480,0,0
mysql-rr-time,50,-50,300,269106,29650,0,0,0,0
mysql-rr-time,50,0,300,267950,29663,0,0,0,0
mysql-rr-time,50,50,300,268350,29681,0,0,1,1
pg-rc-id,1,-50,300,280018,276,0,0,0,0
pg-rc-id,1,0,300,280425,269,0,0,0,0
pg-rc-id,1,50,300,280454,281,0,0,0,0
pg-rc-id,10,-50,300,294889,3101,0,0,299,4627
pg-rc-id,10,0,300,293912,3122,0,0,300,4838
pg-rc-id,10,50,300,293518,3074,0,0,299,4787
pg-rc-id,50,-50,300,283216,15260,0,0,300,15583
pg-rc-id,50,0,300,282280,15194,0,0,300,14698
pg-rc-id,50,50,300,282311,15200,0,0,300,14918
pg-rc-time,1,-50,300,280633,261,5785,0,0,0
pg-rc-time,1,0,300,280696,271,0,0,0,0
pg-rc-time,1,50,300,281295,278,0,5871,0,0
pg-rc-time,10,-50,300,294672,3148,34546,0,299,5102
pg-rc-time,10,0,300,294405,3107,0,0,300,4669
pg-rc-time,10,50,300,294682,3114,0,35456,177,1081
pg-rc-time,50,-50,300,283424,15369,21111,0,300,27660
pg-rc-time,50,0,300,282309,15190,0,0,300,15796
pg-rc-time,50,50,300,283547,15249,0,32988,119,7351
