db,schema,size,workload,repeat,phase,recovery_seconds,requests,rps,errors,error_rate,p50_ms,p95_ms,p99_ms
mysql,A,5000000,W2,1,after_restart,6.674061292,47366,1577.5654381078007,0,0,17.4865,93.02125,175.54489999999998
mysql,A,5000000,W2,1,stable,6.674061292,81645,2720.1070331883043,0,0,12.716,51.044799999999995,72.65327999999998
mysql,A,5000000,W2,2,after_restart,6.686910041000004,79714,2655.7345579416656,0,0,13.513,52.354049999999994,76.52232999999995
mysql,A,5000000,W2,2,stable,6.686910041000004,84077,2801.092171747459,0,0,12.674,49.58539999999999,70.32944
mysql,A,5000000,W2,3,after_restart,6.6531839169999785,82451,2746.8758455827406,0,0,13.207,49.59949999999998,72.11899999999999
mysql,A,5000000,W2,3,stable,6.6531839169999785,85957,2862.7314015127913,0,0,12.578,47.8302,68.11664
mysql,A,5000000,W4,1,after_restart,6.726387375000002,192610,6419.569618534382,0,0,4.662,35.137049999999995,47.88
mysql,A,5000000,W4,1,stable,6.726387375000002,196100,6527.1681140548235,0,0,4.652,34.49409999999998,47.42651
mysql,A,5000000,W4,2,after_restart,6.680476750000025,196575,6551.548715126563,0,0,4.648,34.00279999999999,46.91576
mysql,A,5000000,W4,2,stable,6.680476750000025,193064,6434.570331019556,0,0,4.655,35.66669999999998,47.64474
mysql,A,5000000,W4,3,after_restart,6.778644499999984,199887,6655.593711077103,0,0,4.643,33.50119999999999,44.58628
mysql,A,5000000,W4,3,stable,6.778644499999984,197861,6594.538172854217,0,0,4.599,34.74149999999999,45.99679999999999
