run_id,db,schema,size,suite,workload,vus,hot_only,poll_seconds,repeat,requests,rps,errors,error_rate,p50_ms,p95_ms,p99_ms
official-postgres-a-500k-baseline,postgres,A,500000,baseline,W2,50,0,0,1,104063,3466.831134844083,0,0,7.859,56.85109999999992,73.85265999999999
official-postgres-a-500k-baseline,postgres,A,500000,baseline,W2,50,0,0,2,133168,4437.563605367143,0,0,6.938,42.32165,55.58393999999998
official-postgres-a-500k-baseline,postgres,A,500000,baseline,W2,50,0,0,3,134153,4469.629736689555,0,0,6.918,42.06879999999999,54.35699999999997
official-postgres-a-500k-baseline,postgres,A,500000,baseline,W3,50,0,0,1,120353,4010.869969837077,0,0,7.472,46.362799999999986,59.11748
official-postgres-a-500k-baseline,postgres,A,500000,baseline,W3,50,0,0,2,123328,4105.647722455444,0,0,7.517,44.471,56.41419
official-postgres-a-500k-baseline,postgres,A,500000,baseline,W3,50,0,0,3,126917,4228.426941686609,0,0,7.398,44.529199999999996,54.287
official-postgres-a-500k-baseline,postgres,A,500000,baseline,W4,50,0,0,1,236778,7891.47020451572,0,0,3.92,21.682499999999894,42.952
official-postgres-a-500k-baseline,postgres,A,500000,baseline,W4,50,0,0,2,241176,8037.619268210585,0,0,3.759,23.639999999999954,43.274
official-postgres-a-500k-baseline,postgres,A,500000,baseline,W4,50,0,0,3,229259,7639.2297852755955,0,0,4.206,22.60659999999999,42.64451999999999
official-postgres-a-500k-baseline,postgres,A,500000,baseline,W5,50,0,0,1,133433,4446.746731191422,0,0,6.694,43.288399999999996,58.08559999999998
official-postgres-a-500k-baseline,postgres,A,500000,baseline,W5,50,0,0,2,110310,3674.5669467389994,0,0,8.218,45.103,65.95691
official-postgres-a-500k-baseline,postgres,A,500000,baseline,W5,50,0,0,3,100268,3341.21396152119,0,0,8.452,48.89694999999999,83.24264
official-postgres-a-500k-baseline,postgres,A,500000,baseline,W1,50,0,0,1,118162,3937.659664798065,0,0,10.068,30.666949999999996,49.61794999999999
official-postgres-a-500k-baseline,postgres,A,500000,baseline,W1,50,0,0,2,118866,3960.944908589965,0,0,10.235,29.856,48.71679999999999
official-postgres-a-500k-baseline,postgres,A,500000,baseline,W1,50,0,0,3,138261,4607.3647856851085,0,0,8.963,25.949,39.504599999999996
